Input.url,Answer.city,Answer.address,Answer.org_phone_number,Answer.email_of_organization,Answer.zip_code,Answer.leader,Answer.email_of_leader,Answer.org_name
http://SeminoleChamber.net,Largo,8384 Bayou Boardwalk,(727) 392-3245,tammyb@myseminolechamber.com,33777,Jackie Tatsak,,Seminole Chamber OF Commerce
http://SeminoleChamber.net,Seminole,8400 113th Street North,(727) 392-3245,jimmyj@myseminolechamber.com,33772,Jackie Tatsak,,Seminole Chamber of Commerce
http://WWW.WHCHAMBER.COM,West Hartford,948 Farmington Avenue,860.521.2300,info@WHChamber.com,6107,Marjorie Luke,,West Hartford Chamber of Commerce
http://WWW.WHCHAMBER.COM,West Hartford,948 Farmington Avenue,860.521.2300,info@WHChamber.com,6107,Marjorie Luke,,West Hartford Chamber of Commerce
http://alpinechamber.com/,"Alpine,CA",2707 Alpine Blvd,619-445-2722,info@alpinechamber.com,CA 91901,Patricia Cannon,,Alpine & Mountain Empire Chamber of Commerce
http://alpinechamber.com/,Alpine CA,2707 Alpine Boulevard,619-445-2722,info@alpinechamber.com,91901,"Rodney S. Scott,",,Alpine & Mountain Empire Chamber of Commerce
http://altavista.va-web.com,Altavisita,"414 Washington Street, P.O. Box 606",434-369-6665,altavistachamber@embarqmail.com,24517,Patty Eller,,Altavista Area Chamber of Commerce
http://altavista.va-web.com,"Altavisita, VA","414 Washington Street, P.O. Box 606",434-369-6665,nfo@altavistachamber.com,VA 24517,Patty Eller,altavistachamber@embarqmail.com,Altavista Chamber
http://arabcity.com,Bellevue,"PMB 368, 14150 NE 20th St - F1",+1.4252740657,,98007,(@whoisprivacyprotect.com),arabcity.com,"Whois Privacy Protection Service, Inc."
http://arabcity.com,Arab,"740, N Main Street,",256 586 8128,,35016,Gary W Beam,gbeam@arabcity.org,Arab Alabama
http://ashlandchamber.com,Ashland,110 East Main Street,(541) 482-3486,,97520,Katharine Flanagan,katharine@ashlandchamber.com,Ashland Oregon Chamber of Commerce
http://ashlandchamber.com,"Ashland, Oregon",110 East Main Street,(541) 482-3486,,97520,Dana Fortmiller,events@ashlandchamber.com,Ashland Oregon Chamber of Commerce
http://bacc.8m.com,Renton,P.O. Box 1269,1.20630157,@noc.untd.com,98057,@noc.untd.com,@noc.untd.com,"United Online Web Services, Inc."